🏥 MEDICAL STREAM — Complete A to Z Career Guide (12th Biology → All Paths),,,,,,,,
Covers: Pure Medicine • Dental • Ayush • Nursing • Allied Health • Pharmacy • Paramedical • Research • Zoology/Botany/Life Sciences • Public Health • Vet • Defence,,,,,,,,
🩺 SECTION 1 — PURE MEDICINE | NEET-UG Required,,,,,,,,
Career / Course,Category,Duration,Entrance Exam,Realistic Cutoff,Govt. Cost (₹/yr),Private Cost (₹/yr),Avg Monthly Salary,Employment Rate
MBBS (Bachelor of Medicine & Surgery),Pure Medicine,5.5 yrs,NEET-UG,"Govt: 600+ / 720
Private: 550+ / 720
Deemed: 500+",₹10K–80K,₹10L–25L,₹80K–2L+,98%
MD / MS (Post Graduate Medicine),PG Medicine,3 yrs after MBBS,NEET-PG,Top 10–20% of MBBS passouts,₹30K–1L,₹5L–20L,₹1.5L–10L+,99%
DNB (Diplomate National Board),PG Medicine,3 yrs after MBBS,NEET-PG / DNB CET,Similar to MD/MS,₹50K–2L,₹3L–15L,₹1.5L–8L,98%
DM / MCh (Super Speciality),Super Spec.,3 yrs after MD/MS,NEET-SS,Top 5% of MD/MS,₹50K–1L,₹5L–20L,₹3L–20L+,99%
MBBS + MPH (Public Health),Public Health,5.5 + 2 yrs,NEET-UG then merit,600+ NEET,₹10K–80K + ₹50K–2L,₹10L–25L + ₹1L–3L,₹1L–3L,92%
🦷 SECTION 2 — DENTAL | NEET-UG Required,,,,,,,,
Career / Course,Category,Duration,Entrance Exam,Realistic Cutoff,Govt. Cost (₹/yr),Private Cost (₹/yr),Avg Monthly Salary,Employment Rate
BDS (Bachelor of Dental Surgery),Dentistry,5 yrs,NEET-UG,450–550 / 720,₹20K–1L,₹2L–8L,₹40K–80K,82%
MDS (Master of Dental Surgery),PG Dental,3 yrs after BDS,NEET-MDS,Top 20% BDS,₹50K–2L,₹3L–10L,₹80K–3L,88%
Diploma in Dental Hygiene,Dental Allied,2 yrs,State Board,50%+ in 12th,₹10K–30K,₹30K–80K,₹18K–35K,80%
🌿 SECTION 3 — AYUSH (Alternative Medicine) | NEET-UG Required,,,,,,,,
Career / Course,Category,Duration,Entrance Exam,Realistic Cutoff,Govt. Cost (₹/yr),Private Cost (₹/yr),Avg Monthly Salary,Employment Rate
BAMS (Bachelor of Ayurvedic Medicine & Surgery),Ayurveda,5.5 yrs,NEET-UG,350–450 / 720,₹10K–50K,₹50K–2L,₹30K–60K,78%
BHMS (Bachelor of Homeopathic Medicine),Homeopathy,5.5 yrs,NEET-UG,300–400 / 720,₹10K–40K,₹40K–1.5L,₹25K–50K,72%
BUMS (Bachelor of Unani Medicine),Unani,5.5 yrs,NEET-UG,280–380 / 720,₹10K–40K,₹40K–1.5L,₹22K–45K,68%
BNYS (Bachelor of Naturopathy & Yoga),Naturopathy,5.5 yrs,NEET-UG / State,250–350 / 720,₹15K–50K,₹50K–1.5L,₹20K–45K,70%
BSMS (Bachelor of Siddha Medicine),Siddha,5.5 yrs,NEET-UG,280–380 / 720,₹10K–40K,₹40K–1.5L,₹20K–40K,65%
MD (Ayurveda / Homeopathy / Unani) — PG,AYUSH PG,3 yrs after BAMS/BHMS/BUMS,AIAPGET,Merit based,₹20K–80K,₹1L–4L,₹50K–1.5L,75%
💉 SECTION 4 — NURSING,,,,,,,,
Career / Course,Category,Duration,Entrance Exam,Realistic Cutoff,Govt. Cost (₹/yr),Private Cost (₹/yr),Avg Monthly Salary,Employment Rate
B.Sc Nursing (4 yr),Nursing,4 yrs,NEET-UG / State CET / AIIMS,200–350 NEET / 60% 12th,₹10K–50K,₹80K–2.5L,₹25K–60K,92%
B.Sc Nursing (Post Basic — for ANMs),Nursing PB,2 yrs,State CET,ANM + experience,₹10K–30K,₹40K–1L,₹30K–65K,90%
M.Sc Nursing,PG Nursing,2 yrs,State / University CET,B.Sc Nursing + merit,₹20K–80K,₹80K–2L,₹45K–1.2L,93%
ANM (Auxiliary Nurse Midwife),Nursing,2 yrs,State Board,50%+ in 12th,₹5K–15K,₹20K–50K,₹15K–28K,88%
GNM (General Nursing & Midwifery),Nursing,3 yrs,State Board / Merit,50–60% in 12th,₹5K–20K,₹30K–80K,₹18K–35K,87%
Ph.D Nursing (Research),Research,3–5 yrs,University entrance,M.Sc Nursing + NET,₹20K–50K,₹50K–1.5L,₹60K–1.5L,85%
💊 SECTION 5 — PHARMACY,,,,,,,,
Career / Course,Category,Duration,Entrance Exam,Realistic Cutoff,Govt. Cost (₹/yr),Private Cost (₹/yr),Avg Monthly Salary,Employment Rate
D.Pharm (Diploma in Pharmacy),Pharmacy,2 yrs,State Board / Merit,50%+ in 12th (PCB/PCM),₹10K–30K,₹30K–80K,₹18K–35K,80%
B.Pharm (Bachelor of Pharmacy),Pharmacy,4 yrs,State CET / NEET optional,50–65% in 12th,₹20K–80K,₹80K–2L,₹25K–55K,82%
Pharm.D (Doctor of Pharmacy),Clinical Pharmacy,6 yrs,NEET-UG / State,50–60% 12th / NEET 250+,₹30K–1L,₹1L–3L,₹35K–90K,83%
M.Pharm (Master of Pharmacy),PG Pharmacy,2 yrs after B.Pharm,GPAT / State CET,GPAT Top 30%,₹20K–60K,₹60K–1.5L,₹35K–80K,80%
Ph.D Pharmacy,Research,3–5 yrs,GPAT + University,M.Pharm + NET/GPAT,₹15K–40K,₹40K–1.5L,₹50K–1.5L,78%
🏥 SECTION 6 — ALLIED HEALTH & PARAMEDICAL (A to Z),,,,,,,,
Career / Course,Category,Duration,Entrance Exam,Realistic Cutoff,Govt. Cost (₹/yr),Private Cost (₹/yr),Avg Monthly Salary,Employment Rate
"MRIT / BMRIT (Medical Radiation & Imaging Tech — X-Ray, MRI, CT)",Radiology,3–4 yrs,State CET / Merit,50–65% in 12th PCB,₹10K–40K,₹60K–1.5L,₹25K–55K,88%
BRIT (Bachelor of Radiation Imaging Tech),Radiology,3 yrs,State CET / Merit,50–60% in 12th,₹10K–35K,₹50K–1.2L,₹22K–50K,85%
Radiotherapy Technology (B.Sc),Radiation Therapy,3 yrs,State CET / Merit,55–65% in 12th,₹10K–40K,₹50K–1.2L,₹22K–50K,84%
Nuclear Medicine Technology,Nuclear Medicine,3 yrs,State / AIIMS CET,60%+ in 12th,₹15K–50K,₹60K–1.5L,₹30K–70K,82%
BPT (Bachelor of Physiotherapy),Physiotherapy,4.5 yrs,NEET optional / State CET,200–350 NEET / 60% 12th,₹15K–60K,₹80K–2.5L,₹30K–70K,85%
MPT (Master of Physiotherapy),PG Physio,2 yrs after BPT,State CET / Merit,BPT + merit,₹20K–70K,₹80K–2L,₹50K–1.2L,87%
BOT (Bachelor of Occupational Therapy),OT,4.5 yrs,State CET / Merit,55–65% in 12th,₹15K–50K,₹80K–2L,₹25K–60K,80%
BASLP (Audiology & Speech-Language Pathology),Audiology,4 yrs,State CET / AIIMS,60%+ in 12th,₹15K–50K,₹80K–2L,₹25K–60K,80%
B.Sc Optometry,Eye Care,4 yrs,State CET / Merit,55–65% in 12th,₹10K–40K,₹60K–1.5L,₹22K–55K,82%
B.Sc Medical Lab Technology (BMLT),Lab,3 yrs,State CET / Merit,50–60% in 12th,₹10K–40K,₹40K–1L,₹20K–45K,85%
DMLT (Diploma in Medical Lab Tech),Lab,2 yrs,State Board,50%+ in 12th,₹5K–20K,₹20K–60K,₹15K–30K,82%
B.Sc Operation Theatre Technology (OTT),OT Tech,3 yrs,State CET / Merit,50–60% in 12th,₹10K–35K,₹40K–1L,₹20K–42K,83%
B.Sc Anaesthesia Technology,Anaesthesia,3 yrs,State CET,50–60% in 12th,₹10K–35K,₹40K–1.2L,₹22K–45K,80%
B.Sc Cardiac Care Technology (CCT),Cardiology Tech,3 yrs,State CET / Merit,55–65% in 12th,₹10K–40K,₹50K–1.2L,₹25K–55K,82%
B.Sc Echocardiography / Echo Tech,Echo,3 yrs,State CET / Merit,55%+ in 12th,₹10K–35K,₹40K–1L,₹25K–55K,80%
B.Sc Dialysis Technology,Nephrology Tech,3 yrs,State CET / Merit,50–60%,₹10K–35K,₹40K–1L,₹20K–40K,80%
B.Sc Perfusion Technology,Cardiac Surgery,3–4 yrs,State CET / Merit,55–65%,₹15K–50K,₹60K–1.5L,₹30K–80K,85%
B.Sc Neurophysiology / EEG Tech,Neurology,3 yrs,State CET,50–60%,₹10K–35K,₹40K–1L,₹22K–50K,78%
B.Sc Gastroenterology Technology,GI Tech,3 yrs,State CET,50–60%,₹10K–35K,₹40K–1L,₹20K–42K,75%
B.Sc Renal Dialysis,Nephrology,3 yrs,State CET,50–60%,₹10K–30K,₹35K–80K,₹20K–40K,78%
B.Sc Respiratory Therapy,Pulmonology,3 yrs,State CET / Merit,55–65%,₹10K–40K,₹50K–1.2L,₹22K–50K,80%
B.Sc Critical Care Technology (ICU Tech),ICU,3 yrs,State CET,55–65%,₹10K–40K,₹50K–1.2L,₹22K–50K,82%
Emergency Medical Technician (EMT / Paramedic),Emergency,1–2 yrs,State / NAEMSP,50%+ in 12th,₹5K–20K,₹20K–60K,₹15K–35K,85%
B.Sc Trauma Care & Management,Emergency,3 yrs,State CET,50–60%,₹10K–35K,₹40K–1L,₹20K–40K,78%
B.Sc Medical Imaging Tech (MRI Specialist),MRI,3 yrs,State CET / Merit,55–65%,₹10K–40K,₹50K–1.5L,₹25K–60K,85%
B.Sc Prosthetics & Orthotics,Rehab Tech,4 yrs,State CET / NIVH,55–65%,₹10K–40K,₹60K–1.5L,₹25K–55K,80%
B.Sc Radiological Physics,Medical Physics,3 yrs,State CET,60–70%,₹10K–40K,₹50K–1.2L,₹30K–70K,80%
B.Sc Medical Records Management,Health Informatics,3 yrs,Merit,50–60%,₹5K–20K,₹20K–60K,₹15K–30K,75%
B.Sc Health Information Management,HIM,3 yrs,Merit / State CET,50–65%,₹5K–25K,₹25K–70K,₹18K–35K,76%
B.Sc Radiography (Conventional / Digital),X-Ray,3 yrs,State CET,50–60%,₹8K–35K,₹40K–1L,₹20K–45K,82%
Diploma in Radiography,X-Ray,2 yrs,State Board,50%+ in 12th,₹5K–20K,₹20K–60K,₹15K–30K,78%
B.Sc Medical Sociology / Hospital Management,Health Admin,3–4 yrs,Merit / Entrance,55–65%,₹10K–40K,₹50K–1.5L,₹25K–60K,78%
Diploma in Health Inspector / Sanitarian,Public Health,2 yrs,State Board,50%+ in 12th,₹5K–20K,₹20K–50K,₹18K–38K,82%
"🥗 SECTION 7 — NUTRITION, DIETETICS & FOOD SCIENCE",,,,,,,,
Career / Course,Category,Duration,Entrance Exam,Realistic Cutoff,Govt. Cost (₹/yr),Private Cost (₹/yr),Avg Monthly Salary,Employment Rate
B.Sc Nutrition & Dietetics,Nutrition,3 yrs,Merit / State CET,55–65% in 12th,₹10K–40K,₹40K–1.2L,₹20K–50K,75%
B.Sc Food Science & Technology,Food Science,3 yrs,Merit / CUET,55–65%,₹10K–40K,₹40K–1L,₹20K–50K,74%
B.Sc Food Technology & Quality Control,Food Tech,3 yrs,Merit,55–65%,₹10K–35K,₹35K–1L,₹20K–45K,72%
M.Sc Nutrition & Dietetics,PG Nutrition,2 yrs,State / University CET,B.Sc + merit,₹15K–50K,₹50K–1.5L,₹30K–70K,78%
M.Sc Clinical Nutrition,Clinical Nutrition,2 yrs,CUET / State,B.Sc + merit,₹20K–60K,₹60K–1.5L,₹35K–80K,80%
PG Diploma in Dietetics (Hospital),Dietetics,1 yr,Merit / Hospital Entrance,B.Sc + 55%,₹10K–30K,₹30K–80K,₹25K–55K,80%
"🔬 SECTION 8 — LIFE SCIENCES, RESEARCH & BIOTECHNOLOGY",,,,,,,,
Career / Course,Category,Duration,Entrance Exam,Realistic Cutoff,Govt. Cost (₹/yr),Private Cost (₹/yr),Avg Monthly Salary,Employment Rate
B.Sc Zoology,Life Science,3 yrs,Merit / CUET,60–70% in 12th,₹3K–20K,₹20K–80K,₹18K–40K,65%
B.Sc Botany,Life Science,3 yrs,Merit / CUET,60–70%,₹3K–20K,₹20K–70K,₹18K–38K,62%
B.Sc Biology (General),Life Science,3 yrs,Merit / CUET,55–70%,₹3K–15K,₹15K–60K,₹15K–35K,60%
B.Sc Microbiology,Microbiology,3 yrs,Merit / CUET,60–70%,₹5K–25K,₹25K–80K,₹20K–45K,70%
B.Sc Biotechnology,Biotech,3 yrs,Merit / CUET,65–75%,₹5K–30K,₹40K–1.2L,₹22K–60K,72%
B.Sc Genetics,Genetics,3 yrs,Merit / CUET,65–75%,₹5K–25K,₹30K–1L,₹22K–55K,68%
B.Sc Biochemistry,Biochemistry,3 yrs,Merit / CUET,65–75%,₹5K–25K,₹30K–1L,₹20K–50K,68%
B.Sc Bioinformatics,Bioinformatics,3 yrs,Merit / CUET,65–75%,₹5K–30K,₹40K–1.2L,₹25K–70K,72%
B.Sc Neuroscience,Neuroscience,3 yrs,Merit / University,65–75%,₹10K–40K,₹50K–1.5L,₹25K–70K,70%
B.Sc Immunology,Immunology,3 yrs,Merit / University,65–75%,₹10K–35K,₹40K–1.2L,₹25K–65K,70%
B.Sc Ecology & Environmental Science,Ecology,3 yrs,Merit / CUET,55–70%,₹3K–20K,₹20K–80K,₹18K–45K,65%
B.Sc Marine Biology,Marine Science,3 yrs,Merit / University,60–70%,₹5K–25K,₹30K–1L,₹20K–45K,60%
B.Sc Forensic Science (Biology),Forensic,3 yrs,State CET / Merit,60–70%,₹5K–25K,₹30K–1L,₹22K–55K,70%
M.Sc Zoology / Botany / Biology,PG Life Sci,2 yrs,IIT JAM / State CET,B.Sc + 55–60%,₹5K–30K,₹30K–80K,₹25K–60K,68%
M.Sc Biotechnology / Microbiology,PG Biotech,2 yrs,IIT JAM / CUET PG,B.Sc + 60%,₹10K–40K,₹40K–1.2L,₹30K–80K,72%
M.Sc Biochemistry / Genetics,PG Biochem,2 yrs,IIT JAM / CUET PG,B.Sc + 60%,₹10K–40K,₹40K–1.2L,₹30K–75K,70%
PhD Life Sciences / Biotech / Microbio,Research,4–6 yrs,CSIR-NET / DBT / ICMR JRF,M.Sc + NET/JRF,₹0–20K (JRF stipend: ₹31K/mo),N/A,₹50K–2L (academia/industry),78%
CSIR Scientist (after PhD),Research Career,PhD + experience,CSIR-NET → interview,JRF → SRF → Scientist,Govt salary,N/A,₹56K–1.7L (Scientist B–G),100% (Govt)
ICMR / DBT / DST Scientist,Research Career,PhD + experience,ICMR JRF / DBT BET,Merit + interview,Govt salary,N/A,₹56K–1.5L,100% (Govt)
🐾 SECTION 9 — VETERINARY SCIENCE,,,,,,,,
Career / Course,Category,Duration,Entrance Exam,Realistic Cutoff,Govt. Cost (₹/yr),Private Cost (₹/yr),Avg Monthly Salary,Employment Rate
BVSc & AH (Bachelor of Vet Science & Animal Husbandry),Veterinary,5.5 yrs,NEET-UG / State Vet CET,400–500 NEET,₹20K–80K,₹1L–3L,₹30K–80K,82%
MVSc (Master of Vet Science),PG Vet,2 yrs,ICAR AIEEA-PG,BVSc + merit,₹20K–60K,₹60K–1.5L,₹50K–1.5L,84%
PhD Veterinary Science,Research,3–5 yrs,ICAR JRF,MVSc + NET,₹5K–20K (JRF stipend),N/A,₹60K–1.5L,80%
"🌍 SECTION 10 — PUBLIC HEALTH, EPIDEMIOLOGY & HOSPITAL MANAGEMENT",,,,,,,,
Career / Course,Category,Duration,Entrance Exam,Realistic Cutoff,Govt. Cost (₹/yr),Private Cost (₹/yr),Avg Monthly Salary,Employment Rate
MPH (Master of Public Health),Public Health,2 yrs,AIIMS / TISS / State,Any health degree + entrance,₹20K–80K,₹1L–4L,₹50K–1.5L,85%
B.Sc Public Health,Public Health,3 yrs,Merit / CUET,55–65%,₹5K–25K,₹30K–1L,₹20K–45K,72%
MHA (Master of Hospital Administration),Hospital Mgmt,2 yrs,AIIMS / NIMHANS / State,Any grad + entrance,₹30K–1L,₹1L–4L,₹50K–1.5L,85%
BHA (Bachelor of Hospital Administration),Hospital Admin,3 yrs,Merit / Entrance,60–70%,₹10K–40K,₹50K–1.5L,₹25K–60K,78%
M.Sc Epidemiology,Epidemiology,2 yrs,AIIMS / PGIMER,MBBS / B.Sc + entrance,₹20K–60K,₹80K–2L,₹50K–1.5L,80%
PG Diploma in Health Management (PGHM),Health Mgmt,1 yr,IGNOU / SIHFW / State,Any grad + 1 yr exp,₹10K–30K,₹30K–80K,₹30K–70K,78%
🧠 SECTION 11 — PSYCHOLOGY & MENTAL HEALTH,,,,,,,,
Career / Course,Category,Duration,Entrance Exam,Realistic Cutoff,Govt. Cost (₹/yr),Private Cost (₹/yr),Avg Monthly Salary,Employment Rate
B.A / B.Sc Psychology,Psychology,3 yrs,Merit / CUET,60–75%,₹3K–20K,₹30K–1L,₹20K–50K,70%
M.Sc Clinical Psychology,Clinical Psych,2 yrs,NIMHANS / AIIMS / State,B.Sc Psych + entrance,₹10K–40K,₹60K–2L,₹30K–80K,80%
MA Counselling Psychology,Counselling,2 yrs,State / University,B.A Psych + merit,₹10K–40K,₹50K–1.5L,₹25K–65K,75%
M.Phil Clinical Psychology (RCI licensed),Clinical Psych,2 yrs,NIMHANS / AIIMS,M.Sc Psych + entrance,₹15K–50K,₹60K–2L,₹40K–1.2L,85%
PhD Psychology,Research / Clinical,3–5 yrs,UGC NET / NIMHANS,M.Sc + NET,₹5K–20K,₹50K–1.5L,₹50K–1.5L,78%
"🧘 SECTION 12 — YOGA, NATUROPATHY & WELLNESS",,,,,,,,
Career / Course,Category,Duration,Entrance Exam,Realistic Cutoff,Govt. Cost (₹/yr),Private Cost (₹/yr),Avg Monthly Salary,Employment Rate
B.Sc Yoga Science,Yoga,3 yrs,Merit / University,50–60%,₹5K–20K,₹20K–60K,₹18K–40K,65%
M.Sc Yoga & Naturopathy,Yoga PG,2 yrs,University / Merit,B.Sc + merit,₹10K–30K,₹30K–80K,₹22K–50K,65%
Certificate / Diploma in Yoga Therapy,Yoga Therapy,6 months–1 yr,Merit,50%+ in 12th,₹3K–15K,₹15K–40K,₹15K–35K,60%
🎖️ SECTION 13 — DEFENCE MEDICAL SERVICES,,,,,,,,
Career / Course,Category,Duration,Entrance Exam,Realistic Cutoff,Govt. Cost (₹/yr),Private Cost (₹/yr),Avg Monthly Salary,Employment Rate
AFMC MBBS (Armed Forces Medical College),Defence Medicine,5.5 yrs,NEET-UG + AFMC Entrance,600+ NEET + SSB,Fully Funded,N/A,₹56K–1.5L+ (Army Officer pay),100%
Short Service Commission (Medical),Defence,After MBBS,UPSC / SSB Interview,MBBS + SSB,N/A,N/A,₹56K–1.7L,100% (Govt)
Military Nursing Service (MNS),Defence Nursing,B.Sc Nursing + Commission,MNS Entrance + SSB,B.Sc Nursing + merit,Fully Funded,N/A,₹40K–1.2L,100%
Central Health Service (CHS),Govt Health,After MBBS + MD,UPSC CHS Exam,MBBS + PG preferred,N/A,N/A,₹56K–1.5L,100% (Govt)
🌺 SECTION 14 — TRADITIONAL & COMPLEMENTARY MEDICINE,,,,,,,,
Career / Course,Category,Duration,Entrance Exam,Realistic Cutoff,Govt. Cost (₹/yr),Private Cost (₹/yr),Avg Monthly Salary,Employment Rate
Certificate in Panchakarma (Ayurveda),Ayurveda,6 months–1 yr,BAMS preferred / Merit,BAMS or 12th Bio,₹5K–20K,₹20K–60K,₹18K–40K,72%
Diploma in Acupuncture,Complementary,1 yr,State Board,50%+ 12th,₹5K–15K,₹15K–40K,₹15K–35K,60%
Certificate in Traditional Medicine,Traditional,6 months,Ministry of AYUSH / State,50%+ 12th,₹3K–10K,₹10K–30K,₹12K–30K,55%
,,,,,,,,
COMMERCE STREAM — Complete Career Guide (12th Commerce All Paths),,,,,,,,
CA / CMA / CS • Banking • BBA / B.Com • MBA • Law • Govt Jobs • Finance / Insurance • Actuarial • Economics • Digital Marketing • Entrepreneurship,,,,,,,,
SECTION 1 — PROFESSIONAL COURSES (Exam / Body Based — No Degree Required),,,,,,,,
Career / Course,Category,Duration,Entrance Exam,Realistic Cutoff,Govt. Cost (₹/yr),Private Cost (₹/yr),Avg Monthly Salary,Employment Rate
CA (Chartered Accountant),Finance / Audit,4–5 yrs total,"CA Foundation → Inter → Final
(ICAI)","Final pass %: ~10–15%
High dedication required",₹30K–50K (total ICAI fees),N/A (ICAI body),₹60K–5L+,95%
CMA (Cost & Management Accountant),Cost / Finance,3–4 yrs,"CMA Foundation → Inter → Final
(ICMAI)",Pass %: ~20–25%,₹20K–40K total,N/A,₹40K–2L,85%
CS (Company Secretary),Corporate Law,3–4 yrs,"CS Foundation → Executive → Prof
(ICSI)",Pass %: ~20%,₹15K–30K total,N/A,₹35K–1.5L,82%
CA + CFA (International combo),Finance,CA + 2–3 yrs CFA,"CA first, then CFA L1/L2/L3",CA pass + CFA self study,₹30K–50K CA + ₹1–2L CFA fees,N/A,₹1L–5L+,92%
Actuarial Science (IAI / IFoA),Insurance / Risk,5–8 yrs (15 exams),"IAI Actuarial Exams
(Indian & UK boards)",Very high — top 1–2% of aspirants,₹20K–50K (exam fees),N/A,₹60K–5L+,95%
CFA (Chartered Financial Analyst),Investment / Finance,2–4 yrs,"CFA L1 → L2 → L3
(CFA Institute, USA)",L1 Pass %: ~40%; L3: ~50%,N/A (USD fees ~$900–1300 per level),N/A,₹80K–5L (global scope),90%
FRM (Financial Risk Manager),Risk Management,1–2 yrs,"FRM Part 1 + Part 2
(GARP, USA)",Pass %: ~40–50%,N/A (USD fees),N/A,₹70K–3L,88%
SECTION 2 — BANKING & GOVERNMENT FINANCE JOBS,,,,,,,,
Career / Course,Category,Duration,Entrance Exam,Realistic Cutoff,Govt. Cost (₹/yr),Private Cost (₹/yr),Avg Monthly Salary,Employment Rate
IBPS PO / SBI PO (Probationary Officer),Banking,1–2 yrs prep,IBPS PO / SBI PO Exam,Top 1–3% of applicants,₹0 (exam fee only),N/A,₹40K–80K,Govt Job
IBPS Clerk / SBI Clerk,Banking,6 months–1 yr prep,IBPS Clerk / SBI Clerk,Top 5–8%,₹0,N/A,₹28K–50K,Govt Job
RBI Grade B Officer,Banking / Regulation,6 months–1 yr prep,RBI Grade B Exam,Very competitive — top 0.5%,₹0,N/A,₹60K–1L+,Govt Job
NABARD Grade A / B,Development Finance,6 months prep,NABARD Exam,Top 1–2%,₹0,N/A,₹55K–90K,Govt Job
Insurance (LIC AAO / GIC / NIA),Insurance,6 months prep,LIC / GIC / NIA Exam,Top 3–5%,₹0,N/A,₹35K–75K,Govt Job
SSC CGL (Income Tax / Audit / Accounts),Govt Finance,6 months–1 yr,SSC CGL,Top 5–10%,₹0,N/A,₹30K–65K,Govt Job
UPSC (IRS — Indian Revenue Service),Taxation / Revenue,2–4 yrs prep,UPSC CSE,Top 0.1–0.2%,₹0,N/A,₹56K–1.5L+,Govt Job
SECTION 3 — DEGREE COURSES (Merit / Entrance Based),,,,,,,,
Career / Course,Category,Duration,Entrance Exam,Realistic Cutoff,Govt. Cost (₹/yr),Private Cost (₹/yr),Avg Monthly Salary,Employment Rate
B.Com (General),Commerce,3 yrs,Merit / CUET,"60–75% in 12th (state colleges)
85–95% for DU",₹5K–30K,₹30K–1L,₹20K–50K,72%
B.Com (Hons),Commerce,3 yrs,Merit / CUET,88–97% for DU / top colleges,₹5K–30K,₹40K–1.2L,₹25K–60K,76%
BBA (Business Administration),Management,3 yrs,IPU CET / DU JAT / State / CUET,70–85% in 12th + entrance,₹30K–1L,₹80K–3L,₹25K–60K,80%
BMS (Bachelor of Management Studies),Management,3 yrs,DU / State CET,85–95% for DU,₹10K–40K,₹50K–1.5L,₹25K–60K,78%
B.Com LLB (Law + Commerce),Law + Commerce,5 yrs,CLAT / State Law CET,CLAT 90+ pctile,₹20K–60K,₹80K–3L,₹35K–1.5L,80%
BBA LLB (Law + Management),Law + Mgmt,5 yrs,CLAT / AILET / State,CLAT 90+ pctile,₹30K–80K,₹1L–4L,₹40K–2L,80%
B.Sc Economics (Eco Hons),Economics,3 yrs,Merit / CUET,88–96% for DU,₹5K–25K,₹30K–1L,₹25K–70K,76%
B.Com (Computer Applications),Commerce + Tech,3 yrs,Merit / CET,60–75%,₹10K–40K,₹40K–1.2L,₹25K–55K,78%
BAF (Bachelor of Accounting & Finance),Accounting,3 yrs,Mumbai Univ / State,60–75%,₹10K–40K,₹40K–1.2L,₹25K–55K,78%
BFM (Bachelor of Financial Markets),Finance,3 yrs,Mumbai Univ / State,65–80%,₹15K–50K,₹50K–1.5L,₹30K–70K,80%
BBI (Bachelor of Banking & Insurance),Banking,3 yrs,Mumbai Univ / Merit,60–75%,₹10K–35K,₹35K–1L,₹25K–55K,76%
SECTION 4 — MBA & POSTGRADUATE MANAGEMENT,,,,,,,,
Career / Course,Category,Duration,Entrance Exam,Realistic Cutoff,Govt. Cost (₹/yr),Private Cost (₹/yr),Avg Monthly Salary,Employment Rate
MBA (IIMs — Top Tier),Management PG,2 yrs after graduation,CAT,99+ pctile CAT + WAT + PI,₹2L–3L (IIMB/IIMC),₹10L–25L (IIM private),₹1.5L–8L+,99%
MBA (IITs / NITIE / FMS Delhi),Management PG,2 yrs,CAT,95–99 pctile CAT,₹1L–2L,₹3L–8L,₹80K–3L,97%
MBA (Good Private — XLRI / SP Jain / MDI),Management PG,2 yrs,XAT / CAT / GMAT,XAT 90–95 pctile,₹5L–15L,₹8L–20L,₹80K–3L,95%
MBA Finance (Specialisation),Finance,2 yrs,CAT / XAT / MAT,Merit based on score,₹1L–3L (Govt),₹5L–20L (Pvt),₹60K–3L,90%
MBA HR (Human Resources),HR Management,2 yrs,CAT / XAT / MAT,Merit based,₹1L–3L,₹5L–15L,₹50K–2L,88%
MBA Marketing,Marketing,2 yrs,CAT / XAT / MAT,Merit based,₹1L–3L,₹5L–15L,₹50K–2L,88%
PGDM (Post Grad Diploma in Management),Management PG,2 yrs,CAT / MAT / CMAT,College specific,₹2L–5L,₹5L–15L,₹40K–2L,85%
Executive MBA (after work experience),Management PG,1–2 yrs,GMAT / CAT / Interview,2–5 yrs work exp required,₹5L–10L (India),₹20L–50L (IIM Exec),₹1.5L–5L+,95%
"SECTION 5 — ECONOMICS, DATA & ANALYTICS",,,,,,,,
Career / Course,Category,Duration,Entrance Exam,Realistic Cutoff,Govt. Cost (₹/yr),Private Cost (₹/yr),Avg Monthly Salary,Employment Rate
M.Sc / MA Economics,Economics PG,2 yrs,DSE / JNU / CUET PG,"B.Sc / B.Com Eco + entrance
DSE very competitive",₹5K–30K,₹30K–1L,₹30K–1L,76%
M.Sc Statistics / Data Science (Commerce),Stats / Analytics,2 yrs,IIT JAM / CUET PG,B.Sc Stats / Maths + merit,₹10K–40K,₹40K–1.5L,₹40K–1.5L,85%
Business Analytics (PG / MBA),Analytics,1–2 yrs,CAT / MAT / Direct,Grad + aptitude,₹50K–2L,₹2L–8L,₹50K–2L,87%
M.Com (Master of Commerce),Commerce PG,2 yrs,State / CUET PG,B.Com + merit,₹5K–25K,₹25K–80K,₹22K–55K,70%
Ph.D Economics / Commerce,Research,4–6 yrs,UGC NET / JRF,M.A Eco / M.Com + NET,₹0–20K (JRF: ₹31K stipend),N/A,₹50K–1.5L (post PhD),78%
SECTION 6 — LAW (for Commerce Students),,,,,,,,
Career / Course,Category,Duration,Entrance Exam,Realistic Cutoff,Govt. Cost (₹/yr),Private Cost (₹/yr),Avg Monthly Salary,Employment Rate
CLAT → LLB 5yr Integrated (NLU),Law,5 yrs,CLAT,90+ pctile CLAT,₹2L–3L (NLU),₹3L–8L (private),₹40K–5L,85%
LLB 3yr (after graduation),Law,3 yrs,DU LLB / State Bar CET,50–65% grad + entrance,₹10K–40K,₹50K–2L,₹30K–3L,80%
LLM (Master of Law),Law PG,1–2 yrs,State / University,LLB + merit,₹10K–40K,₹50K–1.5L,₹50K–3L,82%
Corporate Law / Tax Law Specialisation,Law + Commerce,After LLB,Bar Council / Specialisation,LLB + experience,N/A,N/A,₹80K–10L+ (top firms),88%
"SECTION 7 — DIGITAL, MARKETING & ENTREPRENEURSHIP",,,,,,,,
Career / Course,Category,Duration,Entrance Exam,Realistic Cutoff,Govt. Cost (₹/yr),Private Cost (₹/yr),Avg Monthly Salary,Employment Rate
Digital Marketing (PG Diploma / MBA),Marketing,6 months–2 yrs,Institute entrance / Merit,Grad + aptitude,₹20K–80K,₹50K–2L,₹25K–1L,82%
E-Commerce Management,Commerce + Tech,1–2 yrs,Merit / Entrance,Grad + aptitude,₹20K–80K,₹50K–1.5L,₹25K–80K,80%
Entrepreneurship & Startup (PG),Entrepreneurship,1–2 yrs,Institute specific,Grad + interview,₹50K–2L,₹2L–8L,Variable,—
Supply Chain & Logistics Management,Operations,1–2 yrs PG,CAT / CMAT / Direct,Grad + merit,₹50K–1.5L,₹1L–4L,₹35K–1.2L,83%
Retail Management (MBA / PG),Retail,1–2 yrs,CAT / MAT / Direct,Grad + aptitude,₹50K–1.5L,₹1L–4L,₹30K–1L,80%
Hotel & Hospitality Management (BHM),Hospitality,3–4 yrs,NCHMCT JEE,60%+ in 12th + entrance,₹50K–1.5L,₹1L–4L,₹25K–80K,78%
SECTION 8 — GOVERNMENT EXAMS SPECIAL (Commerce Advantage),,,,,,,,
Career / Course,Category,Duration,Entrance Exam,Realistic Cutoff,Govt. Cost (₹/yr),Private Cost (₹/yr),Avg Monthly Salary,Employment Rate
CA Inter + CMA Inter (dual),Finance,3–4 yrs total,ICAI + ICMAI,Very high dedication,₹50K–90K total,N/A,₹50K–3L,90%
SEBI / IRDAI / PFRDA Officer Exams,Finance Regulator,6 months prep,SEBI / IRDAI / PFRDA Exam,Graduate + aptitude,₹0,N/A,₹50K–1L+,Govt Job
ESIC / EPFO (Employees Provident Fund),Social Security,6 months prep,SSC / UPSC EPFO Exam,Grad + merit,₹0,N/A,₹35K–70K,Govt Job
Income Tax Dept (Inspector / Officer),Taxation,SSC CGL / UPSC,SSC CGL Tier 1–4,Top 5–10% SSC,₹0,N/A,₹35K–65K,Govt Job
State Finance / Treasury Services,State Finance,State PCS / Dept Exam,State PCS / Direct,Grad + state exam,₹0,N/A,₹30K–70K,Govt Job
,,,,,,,,
,,,,,,,,
🔬 NON-MEDICAL SCIENCE STREAM — Complete A to Z Career Guide (12th PCM / PCB → All Paths),,,,,,,,
Covers: Engineering • Architecture • Pure Sciences • CS/AI/Data • Agriculture • Maritime • Aviation • Defence • Research & More,,,,,,,,
🏗️ SECTION 1 — ENGINEERING | JEE / State CETs,,,,,,,,
Career / Course,Category,Duration,Entrance Exam,Realistic Cutoff,Govt. Cost (₹/yr),Private Cost (₹/yr),Avg Monthly Salary,Employment Rate
B.Tech / B.E. – Computer Science Engineering,Engineering,4 yrs,JEE Main / JEE Advanced / State CET,JEE Adv: 90%ile+ (IIT) | JEE Main: 85%ile+ (NIT),₹80K–2.5L,₹1.5L–6L,₹50K–2.5L+,94%
B.Tech – AI & Machine Learning,Engineering,4 yrs,JEE Main / State CET,85%ile+ JEE Main / 75%+ 12th,₹1L–3L,₹2L–7L,₹60K–3L,93%
B.Tech – Data Science & Engineering,Engineering,4 yrs,JEE Main / State CET,80%ile+ JEE Main,₹1L–3L,₹2L–7L,₹55K–2.5L,92%
B.Tech – Electronics & Communication (ECE),Engineering,4 yrs,JEE Main / State CET,75%ile+ JEE Main (NIT) | State CET 65%+,₹80K–2L,₹1.5L–5L,₹40K–1.5L,88%
B.Tech – Mechanical Engineering,Engineering,4 yrs,JEE Main / State CET,70%ile+ JEE Main / State CET 60%+,₹80K–2L,₹1.5L–5L,₹35K–1.2L,85%
B.Tech – Civil Engineering,Engineering,4 yrs,JEE Main / State CET,65%ile+ JEE Main / 55%+ 12th,₹50K–1.5L,₹1.2L–4L,₹30K–1L,83%
B.Tech – Electrical Engineering,Engineering,4 yrs,JEE Main / State CET,70%ile+ JEE Main,₹80K–2L,₹1.5L–5L,₹35K–1.2L,86%
B.Tech – Chemical Engineering,Engineering,4 yrs,JEE Main / State CET,70%ile+ JEE Main,₹80K–2L,₹1.5L–5L,₹40K–1.5L,84%
B.Tech – Aerospace / Aeronautical Engineering,Engineering,4 yrs,JEE Main / JEE Adv / State,80%ile+ JEE Main,₹80K–2.5L,₹2L–6L,₹50K–2L,85%
B.Tech – Biotechnology Engineering,Engineering,4 yrs,JEE Main / State CET,65%ile+ JEE Main,₹80K–2L,₹1.5L–5L,₹30K–1L,78%
B.Tech – Environmental Engineering,Engineering,4 yrs,JEE Main / State CET,60%ile+,₹80K–2L,₹1.5L–4L,₹28K–90K,76%
B.Tech – Mining Engineering,Engineering,4 yrs,JEE Main / State CET,60%ile+,₹80K–2L,₹1.5L–4L,₹40K–1.5L,80%
B.Tech – Petroleum Engineering,Engineering,4 yrs,JEE Main / State CET,70%ile+,₹1L–2.5L,₹2L–6L,₹50K–2L,82%
B.Tech – Agricultural Engineering,Engineering,4 yrs,JEE Main / ICAR AIEEA,60%ile+ / 60%+ 12th,₹20K–80K,₹80K–2L,₹25K–80K,80%
B.Tech – Food Technology,Engineering,4 yrs,JEE Main / State CET,60%ile+,₹50K–1.5L,₹1L–3L,₹25K–70K,78%
B.Tech – Textile Engineering,Engineering,4 yrs,JEE Main / State CET,55%ile+,₹50K–1.5L,₹1L–3L,₹25K–65K,76%
B.Tech – Instrumentation Engineering,Engineering,4 yrs,JEE Main / State CET,65%ile+,₹80K–2L,₹1.5L–4L,₹30K–1L,80%
B.Tech – Robotics & Automation,Engineering,4 yrs,JEE Main / State CET,75%ile+,₹1L–3L,₹2L–6L,₹50K–2L,88%
M.Tech / M.E. (Post Graduate Engineering),PG Engineering,2 yrs,GATE,GATE score 500+ (top IIT/NIT),₹0–50K,₹50K–2L,₹60K–2.5L,90%
Ph.D Engineering (IIT/NIT/IIIT),Research,4–6 yrs,GATE + Interview,GATE + institute interview,Stipend ₹31K–37K/mo,N/A,₹70K–2.5L (academia/R&D),88%
🏛️ SECTION 2 — ARCHITECTURE & DESIGN,,,,,,,,
Career / Course,Category,Duration,Entrance Exam,Realistic Cutoff,Govt. Cost (₹/yr),Private Cost (₹/yr),Avg Monthly Salary,Employment Rate
B.Arch (Bachelor of Architecture),Architecture,5 yrs,JEE Main Paper 2 / NATA,JEE Main Paper 2: 70%ile+ | NATA: 80+/200,₹50K–2L,₹1.5L–5L,₹30K–1.2L,80%
M.Arch (Master of Architecture),PG Architecture,2 yrs,GATE (AR) / State,B.Arch + GATE / merit,₹20K–60K,₹80K–2L,₹50K–1.5L,82%
B.Des (Bachelor of Design – Product/UX/Industrial),Design,4 yrs,UCEED / NID DAT / CEED,UCEED merit | NID DAT: top 10%,₹1L–2.5L,₹2L–8L,₹40K–1.5L,82%
B.Des – Interior Design,Design,4 yrs,NATA / State CET / NID,NATA 80+,₹50K–2L,₹1.5L–5L,₹25K–80K,76%
B.Des – Fashion Design,Design,4 yrs,NID DAT / NIFT / Pearl,NIFT merit,₹50K–2L,₹2L–6L,₹25K–80K,75%
Diploma in Architecture (Lateral),Architecture,3 yrs,Polytechnic / State,50%+ in 12th,₹10K–40K,₹40K–1L,₹20K–50K,72%
🖥️ SECTION 3 — PURE COMPUTER SCIENCE & IT,,,,,,,,
Career / Course,Category,Duration,Entrance Exam,Realistic Cutoff,Govt. Cost (₹/yr),Private Cost (₹/yr),Avg Monthly Salary,Employment Rate
B.Sc Computer Science,CS,3 yrs,Merit / CUET / State,60–75% in 12th,₹5K–25K,₹40K–1.5L,₹25K–80K,80%
BCA (Bachelor of Computer Applications),IT,3 yrs,Merit / State CET / CUET,50–65% in 12th,₹5K–25K,₹40K–1.2L,₹20K–60K,78%
B.Sc Data Science,Data Science,3 yrs,Merit / CUET,60–75%,₹10K–40K,₹60K–2L,₹30K–1L,82%
B.Sc Artificial Intelligence,AI,3 yrs,Merit / CUET,65–75%,₹10K–40K,₹80K–2L,₹35K–1.2L,83%
B.Sc Cybersecurity,Cybersecurity,3 yrs,Merit / State,60–75%,₹10K–35K,₹60K–1.5L,₹30K–1L,85%
MCA (Master of Computer Applications),IT,3 yrs,NIMCET / State CET,BCA/BSc Maths + 55%+,₹10K–40K,₹60K–1.5L,₹35K–1.2L,84%
M.Sc Computer Science,CS,2 yrs,State CET / University,B.Sc CS + 55%+,₹10K–40K,₹60K–1.5L,₹40K–1.5L,83%
M.Sc Data Science / AI / ML,Data Science,2 yrs,IIT JAM / CUET PG / State,B.Sc + 60%+,₹10K–50K,₹80K–3L,₹50K–2L,88%
"⚛️ SECTION 4 — PURE SCIENCES (Physics, Chemistry, Maths)",,,,,,,,
Career / Course,Category,Duration,Entrance Exam,Realistic Cutoff,Govt. Cost (₹/yr),Private Cost (₹/yr),Avg Monthly Salary,Employment Rate
B.Sc Physics,Pure Science,3 yrs,Merit / CUET / IIT JAM,60–75% in 12th,₹3K–20K,₹20K–80K,₹20K–55K,65%
B.Sc Chemistry,Pure Science,3 yrs,Merit / CUET,60–75%,₹3K–20K,₹20K–80K,₹20K–50K,63%
B.Sc Mathematics,Pure Science,3 yrs,Merit / CUET,65–80%,₹3K–20K,₹20K–80K,₹22K–60K,68%
B.Sc Statistics,Statistics,3 yrs,Merit / CUET,65–80%,₹3K–20K,₹25K–80K,₹25K–70K,72%
B.Sc Electronics,Electronics,3 yrs,Merit / CUET,60–75%,₹5K–25K,₹25K–80K,₹20K–55K,68%
Integrated B.Sc–M.Sc (5 yr) – IIT / IISER,Science,5 yrs,IIT JAM / IISER Aptitude / KVPY,IISER: top 1–5% / KVPY SX,₹30K–80K,₹2L–5L,₹40K–1.5L (research),78%
M.Sc Physics / Chemistry / Maths,PG Science,2 yrs,IIT JAM / CUET PG / State,JAM: merit | CUET PG merit,₹5K–30K,₹30K–1L,₹30K–1L,70%
Ph.D Pure Sciences (IIT/IISc/IISER),Research,4–6 yrs,CSIR-NET / GATE / JAM,NET JRF / GATE 700+,Stipend ₹31K–37K/mo,N/A,₹50K–2L (post-PhD),80%
Integrated Ph.D – IISc / IISERs,Research,5 yrs,IISER IAT / IISc JEST/GATE,Merit + interview,Stipend ₹25K–37K/mo,N/A,₹60K–2L,82%
🌾 SECTION 5 — AGRICULTURE & ALLIED SCIENCES,,,,,,,,
Career / Course,Category,Duration,Entrance Exam,Realistic Cutoff,Govt. Cost (₹/yr),Private Cost (₹/yr),Avg Monthly Salary,Employment Rate
B.Sc (Hons) Agriculture,Agriculture,4 yrs,ICAR AIEEA / State Agri CET,60%+ in 12th PCB/PCM,₹10K–40K,₹60K–2L,₹25K–70K,82%
B.Sc Horticulture,Horticulture,4 yrs,ICAR AIEEA / State,60%+,₹10K–35K,₹50K–1.5L,₹22K–60K,80%
B.Sc Forestry,Forestry,4 yrs,State / ICAR,60%+,₹10K–35K,₹50K–1.5L,₹22K–55K,78%
B.F.Sc (Fishery Science),Fisheries,4 yrs,ICAR AIEEA,60%+,₹10K–35K,₹50K–1.5L,₹22K–55K,76%
B.Sc Sericulture,Agriculture,3 yrs,State Merit,55%+,₹5K–20K,₹20K–50K,₹18K–40K,70%
M.Sc Agriculture / Horticulture / Forestry,PG Agriculture,2 yrs,ICAR PG / State CET,B.Sc + merit,₹10K–40K,₹60K–1.5L,₹35K–1L,82%
Ph.D Agriculture (IARI/State Agri Univ),Research,3–5 yrs,ICAR JRF / ASRB NET,M.Sc + NET/JRF,Stipend ₹25K–35K,N/A,₹50K–1.5L,85%
MBA Agribusiness,Management,2 yrs after grad,ICAR AIEEA PG / State,Grad + entrance,₹30K–1L,₹1L–4L,₹40K–1.5L,85%
⚓ SECTION 6 — MARITIME & MERCHANT NAVY,,,,,,,,
Career / Course,Category,Duration,Entrance Exam,Realistic Cutoff,Govt. Cost (₹/yr),Private Cost (₹/yr),Avg Monthly Salary,Employment Rate
B.Sc Nautical Science (Merchant Navy),Maritime,3 yrs,IMU CET,60%+ in 12th PCM | English 60%,₹2L–4L,₹3L–7L,₹1.5L–6L (onboard),90%
B.E. Marine Engineering,Maritime,4 yrs,IMU CET / JEE,70%+ in 12th PCM,₹2L–4L,₹3L–8L,₹1.5L–8L (onboard),88%
Diploma in Nautical Science (DNS) + CoC,Maritime,1 yr + sailing,IMU CET / State,60%+ 12th PCM,₹2L–4L,₹3L–7L,₹1.5L–6L,88%
B.Sc Marine Engineering,Maritime,3 yrs,IMU CET,60%+ PCM,₹1.5L–3L,₹2.5L–6L,₹1.2L–5L,86%
Diploma in Shipping (Port & Cargo Management),Shipping,1–2 yrs,Merit / Institute,50%+ 12th,₹20K–60K,₹50K–1.5L,₹25K–70K,78%
✈️ SECTION 7 — AVIATION & AEROSPACE,,,,,,,,
Career / Course,Category,Duration,Entrance Exam,Realistic Cutoff,Govt. Cost (₹/yr),Private Cost (₹/yr),Avg Monthly Salary,Employment Rate
Commercial Pilot Licence (CPL),Aviation,18–24 months,DGCA Written + Medical,Class 1 Medical + Aptitude,₹25L–50L (total),₹30L–60L (total),₹1.5L–6L+,80%
B.Sc Aviation,Aviation,3 yrs,Merit / CUET / State,60%+ in 12th PCM,₹80K–2L,₹2L–6L,₹30K–1L,75%
Airport Management & Operations,Airport Ops,3 yrs,Merit / DGCA,55%+ 12th,₹50K–1.5L,₹1L–3L,₹25K–70K,78%
B.Sc Aerospace Science,Aerospace,3 yrs,Merit / University,60–70%,₹20K–60K,₹80K–2L,₹25K–70K,72%
Aircraft Maintenance Engineer (AME),AME,2 yrs + licence,DGCA AME Exam,50%+ 12th PCM | DGCA exam,₹1.5L–3L,₹2L–5L,₹40K–1.5L,85%
🎖️ SECTION 8 — DEFENCE & PARAMILITARY,,,,,,,,
Career / Course,Category,Duration,Entrance Exam,Realistic Cutoff,Govt. Cost (₹/yr),Private Cost (₹/yr),Avg Monthly Salary,Employment Rate
NDA (National Defence Academy) – Army/Navy/Air,Defence,3 yrs,UPSC NDA Exam + SSB,NDA: 340–360+/900 + SSB,Fully Funded,N/A,₹56K–1.7L (Lt to Col+),100%
Indian Military Academy (IMA) — after graduation,Army,1 yr,UPSC CDS + SSB,Graduation + CDS merit + SSB,Fully Funded,N/A,₹56K–1.7L,100%
Indian Naval Academy — post-graduation,Navy,1 yr,UPSC CDS / NDA,Graduation + CDS + SSB,Fully Funded,N/A,₹56K–1.7L,100%
Air Force Common Admission Test (AFCAT),Air Force,1 yr,AFCAT + SSB,Graduation + AFCAT score,Fully Funded,N/A,₹56K–1.7L,100%
B.Tech Army Institute of Technology (AIT),Army Tech,4 yrs,JEE Main + SSB,JEE Main + Army selection,Fully Funded,N/A,₹56K–1.7L,100%
SSB / Territorial Army (Post Graduation),Paramilitary,—,SSB / CAPF AC Exam,Graduation + exam,N/A,N/A,₹44K–1.4L,100%
CAPF Assistant Commandant (BSF/CRPF/CISF etc),Paramilitary,—,UPSC CAPF AC Exam,Graduation + UPSC exam,N/A,N/A,₹44K–1.4L,100%
📐 SECTION 9 — MATHEMATICS & ACTUARIAL / STATISTICS,,,,,,,,
Career / Course,Category,Duration,Entrance Exam,Realistic Cutoff,Govt. Cost (₹/yr),Private Cost (₹/yr),Avg Monthly Salary,Employment Rate
B.Sc Actuarial Science,Actuarial,3 yrs,Merit / IAI / University,75%+ in 12th PCM,₹10K–40K,₹1L–4L,₹60K–3L+,88%
B.Stat (ISI Kolkata) / B.Math (ISI),Statistics,3 yrs,ISI Admission Test,ISI: highly competitive,₹5K–20K,N/A,₹50K–2L,90%
M.Stat / M.Math (ISI),PG Statistics,2 yrs,ISI PG Exam,B.Stat/Maths + ISI exam,₹5K–20K,N/A,₹60K–2L+,90%
Actuarial Fellow (FIAI/FIA – Institute and Faculty),Actuarial,4–8 yrs (exams),IAI CT Exams (series),Pass progressive IAI/IFOA exams,Self-study / Exam fees,N/A,₹1.5L–8L+,95%
M.Sc Applied Mathematics / Statistics,PG Science,2 yrs,IIT JAM / CUET PG,JAM merit,₹5K–30K,₹30K–1L,₹30K–1.2L,72%
"🔭 SECTION 10 — RESEARCH, SPACE & EMERGING TECH",,,,,,,,
Career / Course,Category,Duration,Entrance Exam,Realistic Cutoff,Govt. Cost (₹/yr),Private Cost (₹/yr),Avg Monthly Salary,Employment Rate
ISRO Scientist (after B.Tech/M.Sc/Ph.D),Space Research,Post-grad,ISRO ICRB / GATE,GATE 800+ | ICRB merit,Govt pay ₹56K–1.7L,N/A,₹56K–1.7L (Scientist SC–SF),100% (Govt)
DRDO Scientist (SET Exam),Defence R&D,Post-grad,DRDO SET / GATE,SET merit + interview,Govt pay,N/A,₹56K–1.7L,100% (Govt)
B.Sc Nanotechnology,Emerging Tech,3 yrs,Merit / CUET,65–75%,₹10K–40K,₹60K–1.5L,₹25K–80K,72%
B.Sc Energy Science,Energy,3 yrs,Merit / University,60–70%,₹10K–35K,₹50K–1.2L,₹25K–70K,72%
M.Sc Astrophysics / Astronomy (TIFR/IIA),Astrophysics,2 yrs,TIFR GS / JEST / IIT JAM,JAM/JEST merit,Stipend ₹16K–37K,N/A,₹50K–1.5L,78%
Integrated M.Sc – Physics (IIT),Science,5 yrs,IIT JAM,JAM top merit,₹50K–1.5L,N/A,₹40K–1.5L,82%
📊 SECTION 11 — ECONOMICS & SOCIAL SCIENCES (from PCM/PCB),,,,,,,,
Career / Course,Category,Duration,Entrance Exam,Realistic Cutoff,Govt. Cost (₹/yr),Private Cost (₹/yr),Avg Monthly Salary,Employment Rate
B.Sc Economics (top DU / JNU colleges),Economics,3 yrs,CUET / DU Entrance,CUET 95%ile+ (DU),₹3K–20K,₹30K–1.2L,₹25K–80K,72%
B.A (Hons) Economics,Economics,3 yrs,CUET / Merit,CUET 90%ile+ (DU),₹3K–20K,₹30K–1.2L,₹25K–80K,72%
Integrated B.Sc–M.Sc Economics,Economics,5 yrs,Entrance / CUET,Merit,₹10K–40K,₹1L–3L,₹30K–1L,75%
,,,,,,,,
🎨 ARTS STREAM — Complete A to Z Career Guide (12th Arts → All Paths),,,,,,,,
Covers: Law • Journalism • Education • Social Work • Design • Civil Services • Economics • Psychology • History • Fine Arts & More,,,,,,,,
⚖️ SECTION 1 — LAW,,,,,,,,
Career / Course,Category,Duration,Entrance Exam,Realistic Cutoff,Govt. Cost (₹/yr),Private Cost (₹/yr),Avg Monthly Salary,Employment Rate
BA LLB (Integrated – 5 yr),Law,5 yrs,CLAT / AILET / LSAT India / State,CLAT: 90+ /120 (NLU top 5) | 75+ for other NLUs,₹80K–2L,₹1.5L–5L,₹30K–2L+,85%
B.Com LLB / B.Sc LLB (Integrated),Law,5 yrs,CLAT / AILET / State Law CET,CLAT 70+ | State CET 60%+,₹80K–2L,₹1.5L–4L,₹30K–1.5L,82%
LLB (3 yr after graduation),Law,3 yrs,CLAT PG / DU LLB / State,Graduation 45%+ / CLAT,₹20K–80K,₹80K–2L,₹25K–1.5L,80%
LLM (Master of Laws),PG Law,1–2 yrs,CLAT PG / DU LLM / State,LLB + 55%+,₹20K–60K,₹60K–1.5L,₹40K–2L,82%
Diploma in Cyber Law,Law Diploma,6 months–1 yr,Merit / Institution,LLB or Graduation,₹10K–30K,₹20K–60K,₹25K–80K,78%
Diploma in IPR (Intellectual Property Rights),Law Diploma,6 months–1 yr,Merit,Graduation,₹5K–20K,₹20K–50K,₹25K–80K,75%
Ph.D Law (Academia / Research),Research,3–5 yrs,UGC NET / University entrance,LLM + NET,₹5K–20K,₹30K–1L,₹40K–1.5L,78%
"📰 SECTION 2 — JOURNALISM, MEDIA & MASS COMMUNICATION",,,,,,,,
Career / Course,Category,Duration,Entrance Exam,Realistic Cutoff,Govt. Cost (₹/yr),Private Cost (₹/yr),Avg Monthly Salary,Employment Rate
B.A / B.Sc Mass Communication & Journalism,Journalism,3 yrs,IIMC Entrance / CUET / State,IIMC: highly competitive | CUET 80%ile+,₹10K–40K,₹80K–2.5L,₹20K–70K,75%
BA Journalism & Mass Communication (BJMC),Journalism,3 yrs,Merit / CUET / State,60–75% in 12th,₹5K–20K,₹40K–1.5L,₹18K–60K,72%
PG Diploma in Journalism (IIMC / AJKMCRC),PG Media,1 yr,IIMC Entrance,Graduation + competitive exam,₹20K–50K,₹80K–2L,₹25K–80K,80%
M.A Mass Communication,PG Media,2 yrs,IIMC / CUET PG / State,Graduation + entrance,₹10K–50K,₹60K–2L,₹30K–1L,78%
B.Sc Electronic Media / TV Production,Electronic Media,3 yrs,Merit / State CET,55–70%,₹10K–40K,₹60K–2L,₹20K–60K,70%
Certificate in Digital Marketing & Media,Digital Media,6 months–1 yr,Merit / Online,50%+ 12th,₹5K–20K,₹20K–60K,₹18K–55K,78%
"B.A Film, TV & Digital Media",Film Media,3 yrs,FTII / SRFTI / State,FTII entrance highly selective,₹10K–50K,₹1L–4L,₹20K–80K,70%
M.A Film Direction / Screenplay (FTII),PG Film,2 yrs,FTII Entrance Exam,Graduation + FTII exam (very competitive),₹30K–60K,₹2L–6L,₹30K–2L+,72%
📚 SECTION 3 — EDUCATION & TEACHING,,,,,,,,
Career / Course,Category,Duration,Entrance Exam,Realistic Cutoff,Govt. Cost (₹/yr),Private Cost (₹/yr),Avg Monthly Salary,Employment Rate
B.Ed (Bachelor of Education),Education,2 yrs after grad,State B.Ed CET / CUET,Graduation 50%+ | State CET merit,₹10K–40K,₹40K–1.2L,₹25K–60K,85%
Integrated B.A + B.Ed / B.Sc + B.Ed (4 yr),Education,4 yrs,State CET / CUET,60%+ in 12th,₹10K–40K,₹40K–1.2L,₹22K–55K,83%
D.El.Ed (Diploma in Elementary Education),Education,2 yrs,State Board / SCERT,50%+ in 12th,₹5K–15K,₹20K–50K,₹18K–35K,88%
M.Ed (Master of Education),PG Education,2 yrs,State CET / University,B.Ed + 55%,₹10K–40K,₹40K–1L,₹35K–80K,82%
Ph.D Education,Research,3–5 yrs,UGC NET / University,M.Ed + NET,₹5K–20K,₹30K–80K,₹45K–1.2L,78%
CTET / STET (Teaching Eligibility Test),Teaching Exam,Ongoing exam,CTET / STET,B.Ed + passing score,Exam fee only,N/A,₹30K–80K (Govt teacher),90% (if cleared)
B.P.Ed (Physical Education),Physical Ed,3 yrs,State CET / Merit,60%+ 12th + sports achievement,₹5K–20K,₹20K–60K,₹18K–40K,80%
M.P.Ed (Master Physical Education),PG Physical Ed,2 yrs,State CET,B.P.Ed + merit,₹5K–20K,₹25K–70K,₹25K–60K,78%
B.A / B.Sc Library Science (BLISc),Library,1 yr after grad,Merit / University,Graduation + merit,₹5K–15K,₹15K–40K,₹18K–40K,72%
M.LISc (Master Library & Information Science),Library PG,1–2 yrs,University / State,BLISc + merit,₹5K–20K,₹20K–60K,₹25K–55K,70%
🤝 SECTION 4 — SOCIAL WORK & DEVELOPMENT,,,,,,,,
Career / Course,Category,Duration,Entrance Exam,Realistic Cutoff,Govt. Cost (₹/yr),Private Cost (₹/yr),Avg Monthly Salary,Employment Rate
B.S.W (Bachelor of Social Work),Social Work,3 yrs,TISS / State CET / Merit,TISS: 80%ile+ / 12th 60%+,₹5K–20K,₹30K–1L,₹18K–45K,75%
M.S.W (Master of Social Work),PG Social Work,2 yrs,TISS NET / State CET,BSW/Graduation + entrance,₹10K–40K,₹40K–1.5L,₹25K–70K,80%
M.A Development Studies,Development,2 yrs,TISS / JNU / CUET PG,Graduation + competitive,₹10K–30K,₹50K–1.5L,₹25K–80K,72%
M.A Rural Development,Rural Dev,2 yrs,IGNOU / State CET,Graduation + merit,₹5K–20K,₹30K–80K,₹20K–55K,68%
PG Diploma in NGO Management,NGO Mgmt,1 yr,Merit / Institution,Graduation,₹10K–30K,₹20K–60K,₹18K–40K,70%
Certificate in Community Development,Community Dev,6 months–1 yr,Merit,12th + merit,₹3K–10K,₹10K–30K,₹15K–35K,65%
🏛️ SECTION 5 — HUMANITIES & SOCIAL SCIENCES,,,,,,,,
Career / Course,Category,Duration,Entrance Exam,Realistic Cutoff,Govt. Cost (₹/yr),Private Cost (₹/yr),Avg Monthly Salary,Employment Rate
B.A (Hons) English Literature,Humanities,3 yrs,CUET / DU / State Merit,CUET 90%ile+ (DU) | 60%+ others,₹3K–20K,₹20K–80K,₹18K–50K,65%
B.A (Hons) History,Humanities,3 yrs,CUET / Merit,CUET 85%ile+ | 12th 60%+,₹3K–15K,₹15K–60K,₹15K–45K,60%
B.A (Hons) Political Science,Humanities,3 yrs,CUET / Merit,CUET 85%ile+ | 60%+,₹3K–15K,₹15K–60K,₹15K–45K,62%
B.A (Hons) Sociology,Humanities,3 yrs,CUET / Merit,CUET 80%ile+ | 60%+,₹3K–15K,₹15K–60K,₹15K–45K,60%
B.A (Hons) Geography,Humanities,3 yrs,CUET / Merit,CUET 80%ile+ | 60%+,₹3K–15K,₹15K–60K,₹15K–45K,62%
B.A (Hons) Philosophy,Humanities,3 yrs,CUET / Merit,60%+,₹3K–15K,₹15K–60K,₹15K–40K,58%
B.A (Hons) Hindi / Sanskrit / Regional Language,Language,3 yrs,CUET / Merit,55–70%,₹3K–10K,₹10K–40K,₹15K–40K,60%
B.A (Hons) Economics,Economics,3 yrs,CUET / State CET,CUET 90%ile+ (DU) | 65%+ others,₹3K–20K,₹20K–80K,₹25K–80K,72%
B.A (Hons) Psychology,Psychology,3 yrs,CUET / Merit,CUET 85%ile+ | 60%+,₹3K–20K,₹20K–80K,₹20K–55K,68%
B.A (Hons) Anthropology,Humanities,3 yrs,CUET / Merit,60–70%,₹3K–15K,₹15K–60K,₹15K–45K,62%
M.A English / History / Pol. Sci. / Sociology,PG Humanities,2 yrs,CUET PG / State / JNU Entrance,Graduation 55%+ | JNU competitive,₹5K–25K,₹20K–80K,₹20K–60K,65%
M.A Economics,PG Economics,2 yrs,CUET PG / DSE / JNU,Graduation 60%+ | DSE/JNU competitive,₹5K–25K,₹30K–1L,₹30K–1L,70%
M.Phil / Ph.D Humanities & Social Sciences,Research,2–5 yrs,UGC NET / JNU / University,NET JRF or university entrance,₹5K–20K,₹30K–1L,₹40K–1.5L (academia),72%
B.A (Hons) International Relations,IR,3 yrs,CUET / JNU / Merit,CUET 85%ile+ | JNU competitive,₹5K–25K,₹30K–1L,₹25K–80K,68%
"🎨 SECTION 6 — FINE ARTS, VISUAL ARTS & PERFORMING ARTS",,,,,,,,
Career / Course,Category,Duration,Entrance Exam,Realistic Cutoff,Govt. Cost (₹/yr),Private Cost (₹/yr),Avg Monthly Salary,Employment Rate
B.F.A (Bachelor of Fine Arts) – Painting / Sculpture / Applied Arts,Fine Arts,4 yrs,BHU UET / State / NSD / Institution,60%+ 12th + portfolio,₹5K–25K,₹30K–1.5L,₹15K–60K,60%
B.A Music (Classical / Vocal / Instrumental),Performing Arts,3 yrs,Merit / Audition / CUET,Audition + 12th 50%+,₹3K–15K,₹15K–50K,₹15K–50K,58%
B.A Dance (Classical / Contemporary),Performing Arts,3 yrs,Audition / Merit,Audition-based,₹3K–15K,₹15K–50K,₹12K–45K,55%
B.A Theatre / Drama,Performing Arts,3 yrs,NSD / State / Audition,NSD highly competitive + audition,₹5K–20K,₹20K–60K,₹15K–50K,58%
M.A Fine Arts / Music / Dance,PG Arts,2 yrs,State / University,Graduation + merit/audition,₹5K–20K,₹20K–70K,₹20K–60K,62%
Diploma in Animation & Multimedia,Animation,1–2 yrs,NID / MAAC / Arena / Merit,50%+ 12th + aptitude,₹10K–50K,₹80K–3L,₹20K–80K,75%
B.Des Animation & VFX,Design,4 yrs,NID DAT / NIFT / CEED,NID merit | 60%+ 12th,₹50K–2L,₹2L–7L,₹30K–1.5L,78%
B.F.A Graphic Design,Design,4 yrs,NID / CEED / State,NID merit | portfolio,₹10K–40K,₹1L–4L,₹25K–1L,72%
M.Des (NID / NIFT),PG Design,2 yrs,CEED / NID GAT,CEED merit | NID GAT merit,₹50K–2L,₹2L–6L,₹50K–2L,80%
"🏨 SECTION 7 — HOSPITALITY, TOURISM & EVENT MANAGEMENT",,,,,,,,
Career / Course,Category,Duration,Entrance Exam,Realistic Cutoff,Govt. Cost (₹/yr),Private Cost (₹/yr),Avg Monthly Salary,Employment Rate
B.Sc Hotel Management & Catering Technology,Hospitality,3 yrs,NCHMCT JEE / State HM CET,NCHMCT JEE: 60%ile+ | 60%+ 12th,₹30K–80K,₹1L–4L,₹25K–80K,82%
BA (Hons) Hotel Management,Hospitality,3 yrs,State HM CET / Merit,55–65% in 12th,₹20K–60K,₹80K–2.5L,₹22K–70K,78%
Diploma in Hotel Management,Hospitality,1–2 yrs,State Board / Merit,50%+ in 12th,₹10K–30K,₹40K–1L,₹18K–45K,75%
B.Sc Tourism & Travel Management,Tourism,3 yrs,Merit / CUET / State,55–65%,₹10K–35K,₹50K–1.5L,₹20K–55K,72%
BHM (Bachelor of Hotel Management),Hospitality,4 yrs,NCHMCT JEE / AIMA / State,NCHMCT 50%ile+ / 55%+ 12th,₹20K–60K,₹1L–4L,₹25K–80K,80%
MBA Tourism & Hospitality,PG Hospitality,2 yrs,CAT / MAT / State CET,Graduation 50%+,₹30K–1L,₹1L–4L,₹40K–1.5L,82%
Event Management (BBA/Diploma),Events,3 yrs / 1 yr,Merit / State,50–65%,₹10K–40K,₹50K–2L,₹20K–70K,72%
"🏢 SECTION 8 — BUSINESS, MANAGEMENT & COMMERCE FROM ARTS",,,,,,,,
Career / Course,Category,Duration,Entrance Exam,Realistic Cutoff,Govt. Cost (₹/yr),Private Cost (₹/yr),Avg Monthly Salary,Employment Rate
BBA (Bachelor of Business Administration),Management,3 yrs,IPMAT / DU JAT / CUET / State,IPMAT (IIM Indore): 98%ile | CUET 85%ile+ | State 60%+,₹10K–50K,₹1L–5L,₹25K–1L,80%
B.Com (Bachelor of Commerce),Commerce,3 yrs,CUET / Merit / State,CUET 90%ile+ (DU) | 55%+ others,₹3K–20K,₹15K–60K,₹18K–55K,72%
B.Com (Hons),Commerce,3 yrs,CUET / Merit,CUET 90%ile+ | 12th 75%+ (DU),₹3K–25K,₹20K–80K,₹20K–60K,75%
BMS (Bachelor of Management Studies),Management,3 yrs,DU BMS Entrance / CUET,CUET 90%ile+ (DU),₹10K–30K,₹80K–3L,₹25K–1L,78%
MBA (after graduation),Management,2 yrs,CAT / XAT / MAT / GMAT,CAT: 99%ile (IIM-A/B/C) | 85%ile+ NIT/IIM new,₹2L–6L (IIM),₹2L–8L,₹60K–5L+,93%
Integrated BBA-MBA (5 yr),Management,5 yrs,IPMAT / CUET / State,IPMAT merit | 60%+,₹20K–80K,₹1L–6L,₹30K–1.5L,78%
CA (Chartered Accountancy),Accounting,3–5 yrs (stages),CA Foundation → Inter → Final,Foundation: 50%+ | Final: 40%+ each group,₹10K–25K (ICAI fees),N/A,₹50K–3L+,90%
🧠 SECTION 9 — PSYCHOLOGY & MENTAL HEALTH,,,,,,,,
Career / Course,Category,Duration,Entrance Exam,Realistic Cutoff,Govt. Cost (₹/yr),Private Cost (₹/yr),Avg Monthly Salary,Employment Rate
B.A / B.Sc Psychology,Psychology,3 yrs,Merit / CUET,CUET 85%ile+ | 60%+ 12th,₹3K–20K,₹20K–80K,₹20K–50K,70%
M.Sc Clinical Psychology,Clinical Psych,2 yrs,NIMHANS / AIIMS / State,B.Sc Psych + competitive exam,₹10K–40K,₹60K–2L,₹30K–80K,80%
MA Counselling Psychology,Counselling,2 yrs,State / University,B.A Psych + merit,₹10K–40K,₹50K–1.5L,₹25K–65K,75%
M.Phil Clinical Psychology (RCI licensed),Clinical Psych,2 yrs,NIMHANS / AIIMS,M.Sc Psych + entrance,₹15K–50K,₹60K–2L,₹40K–1.2L,85%
Ph.D Psychology,Research / Clinical,3–5 yrs,UGC NET / NIMHANS,M.Sc + NET,₹5K–20K,₹50K–1.5L,₹50K–1.5L,78%
Diploma / Certificate in Counselling,Counselling,6 months–1 yr,Merit / RCI,Graduation,₹5K–20K,₹20K–60K,₹15K–40K,65%
"🌏 SECTION 10 — CIVIL SERVICES, PUBLIC POLICY & GOVERNANCE",,,,,,,,
Career / Course,Category,Duration,Entrance Exam,Realistic Cutoff,Govt. Cost (₹/yr),Private Cost (₹/yr),Avg Monthly Salary,Employment Rate
UPSC IAS / IPS / IFS / IRS (Civil Services),Civil Services,1–3 yr prep,UPSC CSE Prelims → Mains → Interview,Any graduation | Prelims cutoff varies,Exam fee only,N/A,₹56K–2.5L (IAS Pay + DA + allowances),100% (if selected)
State PSC (PCS) Services,State Services,1–2 yr prep,State PSC Prelims + Mains + Interview,Graduation + state PSC exam,Exam fee only,N/A,₹35K–1.5L,100% (if selected)
M.A / M.Sc Public Policy (NLSIU / TISS / JNU / ISB),Public Policy,1–2 yrs,Institution Entrance / CUET PG,Graduation + competitive exam,₹30K–1L,₹1L–5L,₹50K–2L+,82%
M.A Political Science / International Relations,Pol Science,2 yrs,JNU CEEB / CUET PG / State,JNU: highly competitive,₹5K–25K,₹30K–1L,₹25K–80K,65%
Diploma in Public Administration,Public Admin,1 yr,Merit / IGNOU,Graduation,₹5K–15K,₹15K–40K,₹20K–55K,70%
B.A LLB + Civil Services Path,Law / IAS,5 + 1–2 yr prep,CLAT + UPSC,CLAT 80+ | UPSC competitive,₹80K–2L,₹1.5L–5L,₹56K–2.5L,90%
🌐 SECTION 11 — LANGUAGES & LINGUISTICS,,,,,,,,
Career / Course,Category,Duration,Entrance Exam,Realistic Cutoff,Govt. Cost (₹/yr),Private Cost (₹/yr),Avg Monthly Salary,Employment Rate
B.A Foreign Languages (French / German / Spanish / Chinese / Japanese / Arabic),Languages,3 yrs,JNU / DU / Merit / CUET,JNU competitive | 60%+ 12th,₹5K–25K,₹20K–80K,₹20K–80K,70%
M.A Foreign Languages,PG Languages,2 yrs,JNU / CUET PG / State,Graduation + entrance,₹5K–25K,₹25K–80K,₹25K–1L,72%
B.A (Hons) Linguistics,Linguistics,3 yrs,JNU / CUET,JNU competitive,₹5K–20K,₹20K–60K,₹20K–60K,65%
Diploma / Certificate in Foreign Language (IGNOU/Alliance),Language Cert,6 months–1 yr,Merit,12th,₹3K–15K,₹10K–40K,₹20K–80K,68%
MA Translation & Interpretation,Translation,2 yrs,University / State,Graduation in language,₹5K–20K,₹20K–60K,₹20K–70K,68%
B.A (Hons) Sanskrit / Pali / Prakrit,Classical Lang,3 yrs,BHU / CUET / Merit,60%+,₹3K–15K,₹10K–40K,₹15K–40K,55%
"🧳 SECTION 12 — FASHION, TEXTILE & LIFESTYLE DESIGN",,,,,,,,
Career / Course,Category,Duration,Entrance Exam,Realistic Cutoff,Govt. Cost (₹/yr),Private Cost (₹/yr),Avg Monthly Salary,Employment Rate
B.Des Fashion Design (NIFT),Fashion,4 yrs,NIFT Entrance (Creative + Situation Ability),NIFT: top competitive | portfolio essential,₹50K–2L,₹2L–6L,₹25K–1.5L,78%
B.Des Textile Design (NIFT / NID),Textile,4 yrs,NIFT / NID DAT,NIFT: merit + situation ability | NID DAT,₹50K–2L,₹2L–6L,₹22K–1L,72%
B.Des Leather Design (NIFT),Leather,4 yrs,NIFT Entrance,NIFT merit,₹50K–2L,₹2L–6L,₹22K–80K,70%
B.Des Accessory Design (NIFT / NID),Accessories,4 yrs,NIFT / NID DAT,NIFT / NID merit,₹50K–2L,₹2L–6L,₹20K–80K,70%
B.Des Knitwear Design,Textile,4 yrs,NIFT,NIFT merit,₹50K–2L,₹2L–6L,₹20K–80K,68%
M.Des Fashion / Textile (NIFT / NID),PG Design,2 yrs,NIFT PGAT / NID GAT,Graduation in design + entrance,₹50K–2L,₹2L–6L,₹40K–1.5L,78%
"🔍 SECTION 13 — ARCHAEOLOGY, HERITAGE & MUSEUM STUDIES",,,,,,,,
Career / Course,Category,Duration,Entrance Exam,Realistic Cutoff,Govt. Cost (₹/yr),Private Cost (₹/yr),Avg Monthly Salary,Employment Rate
B.A Archaeology,Archaeology,3 yrs,CUET / BHU / State,60%+,₹3K–20K,₹20K–60K,₹15K–45K,60%
M.A Archaeology,PG Archaeology,2 yrs,CUET PG / BHU / CUET,Graduation + entrance,₹5K–25K,₹20K–70K,₹20K–55K,65%
PG Diploma in Museology,Museum Studies,1 yr,University / NMI,Graduation,₹5K–20K,₹15K–50K,₹18K–45K,62%
B.A Heritage Conservation,Heritage,3 yrs,Merit / INTACH / State,60%+,₹5K–25K,₹25K–80K,₹18K–50K,60%
Ph.D Archaeology / Ancient History,Research,3–5 yrs,UGC NET,M.A + NET,₹5K–20K,₹30K–80K,₹35K–1.2L (Govt/academia),68%
"📡 SECTION 14 — DIGITAL MEDIA, ADVERTISING & PR",,,,,,,,
Career / Course,Category,Duration,Entrance Exam,Realistic Cutoff,Govt. Cost (₹/yr),Private Cost (₹/yr),Avg Monthly Salary,Employment Rate
B.A Advertising & Public Relations,Advertising,3 yrs,Merit / CUET / State,55–70% 12th,₹5K–25K,₹50K–1.5L,₹20K–70K,72%
B.Sc Digital Marketing,Digital Marketing,3 yrs,Merit / CUET,55–70%,₹10K–40K,₹60K–2L,₹20K–70K,75%
PG Diploma in Advertising (MICA / IIMK),PG Advertising,1 yr,MICAT / State,Graduation + MICAT/entrance,₹1L–3L,₹2L–6L,₹40K–2L,85%
MBA Marketing / Advertising,PG Management,2 yrs,CAT / XAT / MAT,Graduation 50%+ + CAT/XAT,₹2L–6L,₹2L–8L,₹50K–3L,88%
Certificate in Content Writing / SEO,Digital,3–6 months,Online / Merit,12th,₹3K–15K,₹10K–40K,₹18K–55K,70%
"🌍 SECTION 15 — ENVIRONMENT, GEOGRAPHY & URBAN PLANNING",,,,,,,,
Career / Course,Category,Duration,Entrance Exam,Realistic Cutoff,Govt. Cost (₹/yr),Private Cost (₹/yr),Avg Monthly Salary,Employment Rate
B.A / B.Sc Geography,Geography,3 yrs,CUET / Merit,60%+,₹3K–20K,₹15K–60K,₹15K–45K,62%
B.Sc Environmental Science,Env Science,3 yrs,CUET / Merit,60–70%,₹5K–25K,₹25K–80K,₹18K–50K,65%
B.Plan (Urban & Regional Planning),Planning,4 yrs,JEE Main Paper 3 / State,JEE Main 60%ile+ / 12th 60%+,₹50K–1.5L,₹1L–3L,₹25K–80K,78%
M.Plan (Master of Urban Planning),PG Planning,2 yrs,GATE (AR/PL) / State,B.Plan/B.Arch + GATE,₹20K–60K,₹60K–2L,₹35K–1.2L,80%
M.A / M.Sc Geography,PG Geography,2 yrs,CUET PG / State,Graduation + merit,₹5K–20K,₹20K–60K,₹20K–60K,65%
M.Sc Environmental Science,PG Env Science,2 yrs,IIT JAM / CUET PG,Graduation + entrance,₹5K–30K,₹30K–1L,₹25K–70K,68%
Diploma in GIS & Remote Sensing,GIS,6 months–1 yr,Merit / NRSC,Graduation,₹10K–30K,₹20K–60K,₹20K–60K,72%